id,revenue
3001,0
3002,0
3003,9683479.256
3004,29229250
3005,0
3006,0
3007,6157018.944
3008,0
3009,49823699.52
3010,257523559.4
3011,0
3012,0
3013,32866907.79
3014,0
3015,58543727.91
3016,0
3017,106652582.5
3018,261437348.6
3019,5385041.936
3020,575583740.1
3021,91500715.98
3022,72344491.75
3023,0
3024,73487269.38
3025,0
3026,108495398.3
3027,12842195.89
3028,133233851.9
3029,0
3030,101439631.1
3031,22018004.88
3032,16786221.03
3033,0
3034,0
3035,0
3036,24555487.24
3037,63061008.95
3038,52243702.96
3039,34687778.56
3040,0
3041,28121910.58
3042,0
3043,7671039.977
3044,0
3045,389161859
3046,0
3047,683975.4223
3048,52590706.56
3049,10192132.35
3050,43137377.43
3051,0
3052,0
3053,0
3054,11261000.14
3055,98225533.14
3056,0
3057,143015778.3
3058,517531580.7
3059,0
3060,138510912
3061,57902765.38
3062,30875501.24
3063,63674068.62
3064,169194073.4
3065,54582410.45
3066,110840424.6
3067,72555.51218
3068,64188886.31
3069,350231673.8
3070,0
3071,24367346.45
3072,468121851.7
3073,0
3074,0
3075,51489833.16
3076,186767086
3077,35515300.94
3078,112500046.7
3079,0
3080,134167272.7
3081,34771005.87
3082,8904505.73
3083,29325677.5
3084,0
3085,28705623.39
3086,107858252.4
3087,0
3088,0
3089,0
3090,57715825.06
3091,71654137.46
3092,4503767.873
3093,217829808.8
3094,143913262.4
3095,0
3096,0
3097,708648590.1
3098,27387989.06
3099,109544817.8
3100,13143915.5
3101,15722632.18
3102,5439035.088
3103,0
3104,0
3105,196710034.8
3106,205851954.8
3107,58243561.57
3108,21513606.37
3109,8862739.139
3110,411992452.7
3111,0
3112,0
3113,0
3114,28051266.41
3115,14411100.4
3116,0
3117,483734.3578
3118,2717932.069
3119,326011610
3120,256660583.3
3121,0
3122,14013655.74
3123,15909225.77
3124,0
3125,0
3126,62542283.11
3127,1468172.281
3128,57052929.74
3129,126273623.3
3130,18138464.89
3131,745254.2631
3132,20172112.76
3133,0
3134,16264036.49
3135,0
3136,21333721.23
3137,205230895
3138,0
3139,59777056.59
3140,86893191.28
3141,28094996.88
3142,0
3143,199696246.2
3144,61559171.37
3145,12374344.39
3146,0
3147,29146580.04
3148,8934844.131
3149,125953535.9
3150,156211313.3
3151,6280815.967
3152,35408870.76
3153,11454666.54
3154,19712107.94
3155,47688281.37
3156,10426331.19
3157,0
3158,130957407.5
3159,11307160.28
3160,14159868.26
3161,0
3162,14013092.69
3163,56066531.14
3164,0
3165,0
3166,0
3167,94599771.7
3168,0
3169,30741027.99
3170,0
3171,28170610.55
3172,70707197.91
3173,0
3174,2197205.719
3175,0
3176,51228386.13
3177,87468821.3
3178,15472196.91
3179,4908956.456
3180,7579588.772
3181,0
3182,181549725.3
3183,35366463.54
3184,34597093.05
3185,176253774.8
3186,75787035.78
3187,17990642.89
3188,36669654.1
3189,124412043.6
3190,33590741.1
3191,27820739.53
3192,0
3193,168833965.3
3194,124968566
3195,0
3196,2549242.544
3197,36082579.5
3198,185417493.5
3199,0
3200,0
3201,0
3202,0
3203,0
3204,0
3205,0
3206,29208530.15
3207,76999086.17
3208,23341747.78
3209,0
3210,395864799.8
3211,0
3212,91130741.63
3213,75033404.43
3214,12146474.46
3215,12040531.77
3216,21796682.2
3217,353634344.2
3218,0
3219,0
3220,143834902.6
3221,1920583.815
3222,0
3223,15312606.11
3224,0
3225,0
3226,9840373.136
3227,119051112.2
3228,215932137.7
3229,213096475.6
3230,38037855.96
3231,46083751.27
3232,31433958.14
3233,30728853.45
3234,0
3235,17385905.34
3236,0
3237,47796734.1
3238,16425248.22
3239,0
3240,309092749.1
3241,0
3242,155485.4469
3243,3758728.88
3244,0
3245,13018256.35
3246,0
3247,42247489.81
3248,95867406.62
3249,83564591.99
3250,329889046.6
3251,0
3252,25938396.11
3253,56848829.01
3254,0
3255,0
3256,57746750.14
3257,23195538.65
3258,24944002.43
3259,58583578.44
3260,6539716.915
3261,331716361.3
3262,75432735.8
3263,0
3264,0
3265,0
3266,0
3267,40047115.19
3268,0
3269,64727165.77
3270,96051415.36
3271,2838019.814
3272,49164772.39
3273,34136108.75
3274,265584823.7
3275,19188423.63
3276,0
3277,22552234.02
3278,0
3279,34665468.84
3280,386006537.4
3281,0
3282,0
3283,386477016.2
3284,35296196.29
3285,72372158.71
3286,0
3287,869432.8863
3288,38442147.03
3289,58123603.07
3290,115368997.2
3291,0
3292,199633226.3
3293,104817919.2
3294,17900656.21
3295,0
3296,0
3297,0
3298,127592889.2
3299,6762212.556
3300,67496621.5
3301,0
3302,8671348.475
3303,0
3304,20835759.5
3305,50726658.67
3306,0
3307,83620456.02
3308,47817860.84
3309,0
3310,4655516.436
3311,0
3312,0
3313,96971068.98
3314,8443753.386
3315,146938329.9
3316,43709555.9
3317,0
3318,0
3319,0
3320,33984139.57
3321,12915559.05
3322,480648.4877
3323,176794344.5
3324,19291501.96
3325,139055707.5
3326,195846503.3
3327,74247149.48
3328,56618260.83
3329,18760272.7
3330,185027731.8
3331,0
3332,71168623.35
3333,234865830.7
3334,1701781.613
3335,0
3336,21457481.49
3337,0
3338,30491774.87
3339,0
3340,157399585.4
3341,4351937.432
3342,55420375.83
3343,84287354.12
3344,0
3345,5082803.672
3346,68247019.02
3347,0
3348,85789484.25
3349,96736964.21
3350,198958864.8
3351,72762174.4
3352,0
3353,110843959
3354,12472426.81
3355,0
3356,0
3357,0
3358,18265391.23
3359,57491238.16
3360,10779572.18
3361,182346934.3
3362,20681101.92
3363,20927462.7
3364,8411365.227
3365,0
3366,144648108.4
3367,171422736.7
3368,0
3369,61723648.88
3370,52218295.98
3371,82333419.78
3372,21145052.14
3373,67925312.27
3374,9207939.348
3375,141168001.7
3376,49279465.75
3377,10552578.13
3378,0
3379,200108807.1
3380,74247413.9
3381,6629950.315
3382,0
3383,376454.2907
3384,73029401.5
3385,123521893.7
3386,0
3387,37668389.15
3388,193147538.7
3389,560548889.5
3390,0
3391,0
3392,12811257.76
3393,0
3394,181709594.1
3395,128427159
3396,9232385.835
3397,0
3398,273440189.1
3399,134796229.5
3400,12174932.4
3401,0
3402,0
3403,389027721.1
3404,5750456.327
3405,34271771.13
3406,213241961.3
3407,331584565.3
3408,85070991.08
3409,0
3410,52688847.7
3411,94420787.76
3412,0
3413,0
3414,0
3415,31781771.51
3416,71638916.17
3417,89373573.17
3418,44360063.6
3419,330573463.8
3420,3314969.707
3421,23217886.55
3422,0
3423,416973279.3
3424,0
3425,7185225.945
3426,30931324.8
3427,65794800.81
3428,0
3429,0
3430,524328761.6
3431,0
3432,15471475.36
3433,30457163.65
3434,10573546.74
3435,317633055.1
3436,195266251.5
3437,9941731.111
3438,20222898.83
3439,0
3440,73341474.55
3441,117233556.4
3442,0
3443,4087660.804
3444,0
3445,68952708.85
3446,0
3447,2033805.586
3448,60248674.89
3449,1188801.659
3450,83577655.53
3451,65013016.53
3452,43939698.41
3453,57773923.63
3454,74967291.28
3455,8168160.256
3456,115961990.1
3457,12449963.02
3458,32110229.43
3459,530434076.1
3460,0
3461,0
3462,0
3463,0
3464,0
3465,43193084.58
3466,63930964.15
3467,6970318.89
3468,0
3469,3758970.028
3470,0
3471,36305387.18
3472,0
3473,80988821.18
3474,57627039.76
3475,337819755.2
3476,0
3477,55731496.3
3478,0
3479,243774557
3480,10514509.21
3481,0
3482,0
3483,0
3484,0
3485,116565356.1
3486,0
3487,59214532.17
3488,37177074.91
3489,0
3490,79752736.28
3491,23994000.69
3492,0
3493,0
3494,3651211.568
3495,101758759.9
3496,0
3497,93158447.99
3498,37847166.42
3499,20886121.58
3500,0
3501,141575915.2
3502,65365903.81
3503,27280643.25
3504,141147180.5
3505,0
3506,116039959.5
3507,357042429.9
3508,10912208.49
3509,18041757.64
3510,39269525.05
3511,117765720.9
3512,227085476.3
3513,0
3514,19065395.76
3515,7305025.187
3516,20275306.5
3517,502646485
3518,52725472.96
3519,10568033.65
3520,0
3521,0
3522,16206896.55
3523,26899247.9
3524,112765461.8
3525,184806521.8
3526,42844875.5
3527,15177585.94
3528,54010228.18
3529,416438532.2
3530,0
3531,67940630.7
3532,76824608.97
3533,51893216.26
3534,34657722.31
3535,208049640.3
3536,0
3537,152734382.6
3538,42082842.86
3539,71936507.71
3540,50776237.19
3541,25937764.34
3542,53621417.42
3543,0
3544,54749218.48
3545,0
3546,3784094.074
3547,205608514.9
3548,458076910.5
3549,0
3550,386247546.9
3551,151334268.3
3552,52037352.17
3553,49922246.39
3554,240201748.5
3555,182683043.9
3556,0
3557,28613820.78
3558,207983804.4
3559,55488621.19
3560,0
3561,97859768.97
3562,13003381.3
3563,6073591.038
3564,0
3565,0
3566,40952759.18
3567,22123262.76
3568,904618.8599
3569,189572300
3570,0
3571,74893612.56
3572,244038998
3573,6788034.045
3574,56658992.4
3575,17752202.38
3576,66311795.05
3577,620959.1927
3578,57114588.48
3579,64249992.6
3580,27003071.93
3581,44998203.28
3582,134848558.1
3583,0
3584,26031564.78
3585,74289640.51
3586,30110898.24
3587,9864453.205
3588,16279545.57
3589,19367276.05
3590,28957082.76
3591,425594053.6
3592,0
3593,0
3594,0
3595,35210379.15
3596,61472133.2
3597,0
3598,78881017.24
3599,27887396.72
3600,0
3601,0
3602,0
3603,0
3604,0
3605,46396591.01
3606,15169092.16
3607,70081237.39
3608,203949392
3609,0
3610,74064158.47
3611,0
3612,0
3613,17945476.57
3614,125418859.4
3615,56670770.36
3616,14200936.43
3617,23507035.67
3618,99014807.64
3619,0
3620,144239523.4
3621,379165462.4
3622,163836635.2
3623,194441799.7
3624,0
3625,0
3626,49972226.61
3627,70814424.61
3628,327644386.9
3629,20608194.18
3630,0
3631,192068662.6
3632,0
3633,93032980.12
3634,0
3635,2150907.71
3636,54504342.28
3637,0
3638,38457088.64
3639,0
3640,380960829.2
3641,0
3642,9666186.302
3643,25771015.29
3644,21823034.75
3645,41895768.56
3646,0
3647,61468545.56
3648,0
3649,0
3650,31099380.51
3651,518135399.8
3652,0
3653,178179326.5
3654,25120282.29
3655,0
3656,12738394.22
3657,0
3658,0
3659,106661555.2
3660,232755114.3
3661,30425462.58
3662,76412174.08
3663,352855660.8
3664,0
3665,0
3666,10079615.85
3667,0
3668,61746362.51
3669,14027871.16
3670,0
3671,8470999.932
3672,0
3673,215362086.4
3674,23825725.74
3675,424821367
3676,118754124.6
3677,11072143.69
3678,37323241.02
3679,90588832.87
3680,0
3681,0
3682,280542734.4
3683,5713033.287
3684,125566995.4
3685,169964450.8
3686,8894394.257
3687,217288903.8
3688,0
3689,0
3690,127195798.8
3691,10577243.72
3692,0
3693,98443753.02
3694,103308183.5
3695,118656711.2
3696,27308525.4
3697,45947138.72
3698,62892678.24
3699,21904439.29
3700,0
3701,0
3702,0
3703,0
3704,86643426.24
3705,57820125.5
3706,75370638.2
3707,0
3708,23873760.7
3709,369694543.9
3710,18058233.03
3711,0
3712,62874146.64
3713,48446261.55
3714,0
3715,26492622.88
3716,7029664.51
3717,0
3718,0
3719,69479439.01
3720,2509730.276
3721,0
3722,91472040.89
3723,4948827.265
3724,27611287.37
3725,20101595.27
3726,11650177.81
3727,201514878.7
3728,168508682.5
3729,20821058.36
3730,97919698.23
3731,196716785.4
3732,0
3733,233981539.9
3734,419761258.9
3735,34917030.8
3736,16289903.45
3737,9502815.509
3738,0
3739,13786222.7
3740,23672058.53
3741,36869627.33
3742,117671877.6
3743,28897481.43
3744,174157912.8
3745,82377287.24
3746,194088201.5
3747,0
3748,15120091.87
3749,3139448.274
3750,3810781.054
3751,0
3752,0
3753,0
3754,49528622.64
3755,79530947.74
3756,33738943.48
3757,403577989.2
3758,131039915.9
3759,5050184.697
3760,207545065.1
3761,73129682.9
3762,303765725.6
3763,71339336.5
3764,0
3765,0
3766,14789669
3767,19788986.42
3768,24009047.17
3769,0
3770,7494591.383
3771,62740380.2
3772,0
3773,38393004.4
3774,18792165.28
3775,180266866
3776,138947277.6
3777,26723.23795
3778,0
3779,19818728.46
3780,0
3781,64503229.03
3782,0
3783,101389599.8
3784,38120.47981
3785,455464751
3786,18163758.55
3787,272154344.1
3788,686185369.5
3789,0
3790,0
3791,32590548.92
3792,0
3793,0
3794,15809553.15
3795,438800591.3
3796,0
3797,33210407.98
3798,40285688.81
3799,2712568.662
3800,1577025.524
3801,0
3802,0
3803,13697999.55
3804,0
3805,0
3806,65797760.79
3807,974885.6685
3808,0
3809,40757420.75
3810,14677673.24
3811,15260812.09
3812,1606514.736
3813,0
3814,3111867.446
3815,120185741.8
3816,152082770.6
3817,135185494.8
3818,108175781.6
3819,36211866.15
3820,115976038.1
3821,98471498.42
3822,0
3823,40093115.69
3824,0
3825,6998519.495
3826,106656042
3827,200807910.5
3828,5325976.433
3829,0
3830,73904670.31
3831,0
3832,202833576.3
3833,123220709.3
3834,21738447.05
3835,2591503.313
3836,0
3837,56906412.82
3838,96993612.46
3839,9516135.232
3840,90861709.27
3841,0
3842,10735738.25
3843,0
3844,0
3845,0
3846,0
3847,0
3848,0
3849,134544210.3
3850,48375702.76
3851,62823953.54
3852,0
3853,120064667.3
3854,0
3855,0
3856,12946857.08
3857,552476353.3
3858,0
3859,9100514.616
3860,41952326.94
3861,56507224.97
3862,22040617.61
3863,137128447.3
3864,88774166.33
3865,111163573.6
3866,15659822.82
3867,178557382.7
3868,19282796.35
3869,103014365.4
3870,116435559.3
3871,511528426.9
3872,0
3873,47131614.85
3874,0
3875,93890778.85
3876,0
3877,50060541.96
3878,108844263.9
3879,379496767
3880,62594833.4
3881,0
3882,0
3883,0
3884,178006677.4
3885,33441708.02
3886,48478563.99
3887,0
3888,7562880.003
3889,0
3890,162588979.7
3891,8005298.606
3892,5873591.433
3893,390775307.1
3894,110445343.7
3895,40059821.04
3896,77954638.04
3897,0
3898,0
3899,536678193.3
3900,21119829.1
3901,0
3902,0
3903,6278018.21
3904,4649398.214
3905,22919599.72
3906,75908422.24
3907,0
3908,9336293.785
3909,0
3910,27591439.07
3911,0
3912,22889337.1
3913,109923851.2
3914,34426957.51
3915,228266028
3916,0
3917,5032906.194
3918,22532574.24
3919,97174283.54
3920,55429060.24
3921,0
3922,51666715.64
3923,56347571.09
3924,41260944.64
3925,277962290.8
3926,0
3927,106404965.8
3928,162690682.1
3929,74530994.3
3930,0
3931,0
3932,9788474.031
3933,0
3934,85320568.9
3935,0
3936,799226.6622
3937,177189117.7
3938,14239683.37
3939,44220306.66
3940,0
3941,39799600.51
3942,294148255.9
3943,583088211.6
3944,7838624.022
3945,52196855.87
3946,0
3947,80893004.11
3948,0
3949,701491.4557
3950,0
3951,11404991.06
3952,68754234.35
3953,141666169.5
3954,402644197
3955,0
3956,0
3957,0
3958,5283392.139
3959,0
3960,0
3961,60641434.89
3962,5451803.742
3963,0
3964,567137795.4
3965,189795026.4
3966,62731774.66
3967,377172332.3
3968,69130904.58
3969,0
3970,28451217.02
3971,25924265.84
3972,14488186.4
3973,71711267.96
3974,0
3975,114617209
3976,104205570.4
3977,167541253.3
3978,189952956.5
3979,0
3980,0
3981,6008507.487
3982,0
3983,24221083.42
3984,162610069.9
3985,8034325.918
3986,610982923.4
3987,115534748.6
3988,29775847.28
3989,44466331.73
3990,48061459.58
3991,0
3992,0
3993,0
3994,82810123.31
3995,67651517.03
3996,68308535.31
3997,19714714.32
3998,134783987.6
3999,13353389.49
4000,0
4001,26083183.72
4002,230976450.3
4003,0
4004,73929253.88
4005,0
4006,0
4007,0
4008,18462961.8
4009,32553967.76
4010,2760620.653
4011,26400857.89
4012,190173831.5
4013,80612185.52
4014,0
4015,92679240.12
4016,0
4017,0
4018,107616454.4
4019,275041106.9
4020,0
4021,87153637.13
4022,17488740.24
4023,204378851.3
4024,22789506.01
4025,0
4026,58950169.1
4027,97682919.83
4028,0
4029,0
4030,0
4031,173848347.3
4032,0
4033,0
4034,0
4035,99688082.26
4036,0
4037,27787730.14
4038,6891204.846
4039,9464904.22
4040,15455455.44
4041,0
4042,77428161.54
4043,0
4044,114073800.8
4045,63955076.16
4046,15669063.01
4047,506924525.4
4048,0
4049,0
4050,0
4051,409103733.3
4052,0
4053,0
4054,0
4055,0
4056,14513985.71
4057,0
4058,16460333.2
4059,1068853.652
4060,82784995.9
4061,101754293.6
4062,63301001.75
4063,25012386.48
4064,390627955.4
4065,148362432.5
4066,0
4067,44174215.08
4068,15961696.04
4069,2861409.524
4070,21723442.16
4071,0
4072,8327712.989
4073,125367137.9
4074,0
4075,9635004.189
4076,0
4077,251351109.4
4078,4981394.686
4079,145756672.2
4080,0
4081,2708471.842
4082,0
4083,51737071.29
4084,0
4085,33255729.65
4086,147181276.4
4087,0
4088,50203267.38
4089,22734032.38
4090,4306400.239
4091,120595907.6
4092,46765736.64
4093,67696475.17
4094,0
4095,213466700.2
4096,21785480.27
4097,47646066.89
4098,26095608.8
4099,5363568.617
4100,87943928.51
4101,55330146.81
4102,0
4103,68710547.69
4104,12450970.66
4105,0
4106,241364.2914
4107,0
4108,63206337.21
4109,0
4110,23158058.36
4111,0
4112,29411316.24
4113,0
4114,175014398.7
4115,15263086.24
4116,37742425.49
4117,0
4118,52718565.65
4119,99133697.01
4120,0
4121,5676902.466
4122,221916852.3
4123,2305213.919
4124,71916268.73
4125,20718121.01
4126,0
4127,0
4128,4829577.202
4129,0
4130,0
4131,262371731.2
4132,121638521.7
4133,56933153.97
4134,0
4135,59009599.95
4136,333984402.2
4137,17007501.01
4138,57652687.14
4139,0
4140,0
4141,15312106.12
4142,40145607.02
4143,76064894.74
4144,0
4145,33633604.4
4146,0
4147,0
4148,34553276.12
4149,6946442.885
4150,0
4151,0
4152,55181628.76
4153,20332231.46
4154,0
4155,0
4156,8593506.419
4157,6643061.9
4158,0
4159,83111951.63
4160,0
4161,26634181.69
4162,33464044.27
4163,140498917.4
4164,24932308.58
4165,635618.2182
4166,6058036.915
4167,0
4168,8655089.224
4169,0
4170,0
4171,125952713
4172,131389278.1
4173,15214036.28
4174,6489301.03
4175,0
4176,47157518.21
4177,0
4178,419600068.7
4179,0
4180,205366132.8
4181,48100714.43
4182,0
4183,81527795.8
4184,0
4185,12574158.94
4186,0
4187,32301116.13
4188,62171761.06
4189,0
4190,0
4191,0
4192,0
4193,438623762.8
4194,132907058.5
4195,5987637.81
4196,13387872.6
4197,28705007.19
4198,0
4199,0
4200,106555023.4
4201,81273321.74
4202,153069018.3
4203,33249418.86
4204,0
4205,284906.6677
4206,47134148.08
4207,350662246
4208,483918344.5
4209,0
4210,136151890.1
4211,49728369.38
4212,471516693.6
4213,0
4214,20842820.5
4215,2593291.315
4216,0
4217,0
4218,45422407.45
4219,36597410.46
4220,34177518.35
4221,0
4222,0
4223,110348571.7
4224,1418060.116
4225,45134610.08
4226,18925469.52
4227,32400990.9
4228,0
4229,139781711.4
4230,78806225.49
4231,25544581
4232,12635581.78
4233,89140912.59
4234,62241036.6
4235,0
4236,0
4237,33148891.71
4238,84128947.04
4239,150301714.1
4240,296944198.2
4241,119022023.8
4242,7932035.858
4243,0
4244,128805608.7
4245,0
4246,0
4247,66543104.12
4248,7561798.674
4249,112585033.1
4250,45884582.1
4251,0
4252,166452916.7
4253,96005326.76
4254,62288576.89
4255,73719052.03
4256,289349804.4
4257,207568560.6
4258,51067203.88
4259,2408764.144
4260,199302256.6
4261,27821787.77
4262,0
4263,2803699.118
4264,434138608.9
4265,19113836.03
4266,15936478.98
4267,16299127.41
4268,0
4269,7777933.096
4270,404014924
4271,122250582.1
4272,0
4273,6110641.887
4274,57376015.59
4275,0
4276,29514007.67
4277,52203580.9
4278,6693347.912
4279,54641477.06
4280,0
4281,0
4282,27421461.23
4283,0
4284,0
4285,0
4286,488360139.4
4287,47242876.7
4288,80599330.27
4289,128693999.2
4290,92137545.47
4291,0
4292,211507.3755
4293,25699046.62
4294,161070097.6
4295,192235386.2
4296,55529257.49
4297,0
4298,0
4299,12658430.46
4300,69006787.87
4301,849724.8058
4302,0
4303,7552640.71
4304,36420281.86
4305,42113407.46
4306,39564514.67
4307,0
4308,0
4309,66929256.57
4310,0
4311,0
4312,51997150.02
4313,90685846.9
4314,0
4315,142448909.2
4316,279076810
4317,0
4318,51348581.9
4319,0
4320,17014567.14
4321,83655024.02
4322,4846707.442
4323,247097.1267
4324,15954916.19
4325,0
4326,12828838.74
4327,90273549.15
4328,9508337.598
4329,0
4330,541484624.4
4331,58790357.86
4332,96732410.62
4333,0
4334,149717366.7
4335,88030552.34
4336,69440434.03
4337,0
4338,273256366.2
4339,132006578
4340,0
4341,23297192.55
4342,0
4343,44259178.67
4344,0
4345,0
4346,90088797.68
4347,92930171.63
4348,0
4349,217320823.4
4350,0
4351,157511711.3
4352,0
4353,145085629.5
4354,69622494.82
4355,50802838.39
4356,0
4357,103628129.8
4358,25354235.1
4359,24284781.45
4360,96596167.83
4361,165545721.9
4362,0
4363,98109563.22
4364,100587054.7
4365,0
4366,0
4367,39806100.3
4368,128186279.7
4369,36623283.7
4370,104736505.1
4371,42421644.56
4372,46982721.01
4373,13043566.71
4374,43822727
4375,0
4376,0
4377,6082626.352
4378,30834107.88
4379,162771760.1
4380,95312838.08
4381,0
4382,391806833
4383,293176660.4
4384,37861952.04
4385,0
4386,193628252.1
4387,56441804.05
4388,49161148.75
4389,266189170.3
4390,0
4391,0
4392,188668701.6
4393,30399736.18
4394,60712950.66
4395,11696248.79
4396,81888031.59
4397,29337761.46
4398,266752400.2
4399,0
4400,26931595.78
4401,29055797.57
4402,0
4403,51297271.03
4404,57294764.93
4405,35270269.2
4406,0
4407,0
4408,0
4409,0
4410,15041321.76
4411,59304502.17
4412,158187072.2
4413,85592261.73
4414,0
4415,16786227.15
4416,0
4417,124137959.5
4418,0
4419,121880209.1
4420,420704839.5
4421,0
4422,4763782.078
4423,5263285.706
4424,0
4425,40280516.07
4426,50843657.18
4427,56392570.6
4428,12000097.22
4429,1654893.371
4430,0
4431,0
4432,201867540.6
4433,306482523.9
4434,575976202.2
4435,3907851.418
4436,11834221.43
4437,202735.7867
4438,0
4439,16884214.35
4440,0
4441,63598966.6
4442,0
4443,0
4444,0
4445,28148360.36
4446,0
4447,128870695.4
4448,0
4449,1779605.979
4450,196009784.6
4451,286845179.6
4452,41904491.91
4453,0
4454,0
4455,0
4456,165494811.9
4457,0
4458,0
4459,47045668.25
4460,11979411.05
4461,126729393.4
4462,0
4463,0
4464,84661095.16
4465,41244993.15
4466,0
4467,19732108.52
4468,220310.171
4469,45583042.14
4470,61969769.89
4471,0
4472,181907450.6
4473,11569594.43
4474,0
4475,0
4476,0
4477,54801730.99
4478,0
4479,0
4480,108562750.4
4481,0
4482,0
4483,0
4484,0
4485,49410066.7
4486,0
4487,17240170.41
4488,130140985
4489,61683246.67
4490,0
4491,125040919.9
4492,0
4493,10591194.86
4494,0
4495,24740146.4
4496,42592625.96
4497,768364.0688
4498,0
4499,0
4500,114376387.5
4501,139828443
4502,0
4503,384065654.2
4504,0
4505,0
4506,142303888.4
4507,0
4508,9987891.774
4509,0
4510,33518792.57
4511,173278306
4512,0
4513,89816166.15
4514,15711805.48
4515,381574825.7
4516,11587868.27
4517,46193232.12
4518,342903092.4
4519,90632852.37
4520,29824895.51
4521,4698935.834
4522,85001514.34
4523,34963038.84
4524,0
4525,16433834.48
4526,2339287.509
4527,46182476.55
4528,3645505.25
4529,0
4530,30122996.33
4531,0
4532,11764038.69
4533,33638443.85
4534,18588480.24
4535,142840539.5
4536,21990285.1
4537,0
4538,43550861.99
4539,0
4540,92955703.46
4541,37457824.68
4542,74474084.11
4543,92985963.56
4544,0
4545,0
4546,0
4547,0
4548,0
4549,0
4550,4508967.185
4551,570467949.5
4552,100356583.3
4553,32194931.33
4554,238371039.4
4555,0
4556,66715506.56
4557,19532247.13
4558,0
4559,62787329.79
4560,85870600.46
4561,34866330.44
4562,0
4563,183756698.4
4564,0
4565,0
4566,44959229.01
4567,139165957.8
4568,0
4569,0
4570,0
4571,0
4572,56802407.31
4573,62014355.88
4574,0
4575,0
4576,25912915.6
4577,5885742.007
4578,44817574.46
4579,8118136.473
4580,44858363.74
4581,30628461.04
4582,86249910.58
4583,217441191.6
4584,17831142.49
4585,187729389.5
4586,0
4587,1196643.291
4588,233825701.4
4589,4396274.148
4590,999688179.7
4591,71345094.77
4592,0
4593,0
4594,35574248.76
4595,252128990.5
4596,389592366.7
4597,9004364.587
4598,193634323.4
4599,11630850.81
4600,0
4601,91389326.46
4602,23795394.08
4603,44956562.59
4604,29674426.99
4605,225875253.8
4606,188854446.9
4607,43891780.85
4608,0
4609,35415598.63
4610,212568179.2
4611,63755211.6
4612,44071472.91
4613,0
4614,0
4615,0
4616,0
4617,80452313.68
4618,0
4619,6245159.745
4620,5719459.54
4621,144306921.5
4622,0
4623,21295295.92
4624,0
4625,0
4626,17156964.54
4627,16670722.55
4628,13449020.11
4629,0
4630,26268123.95
4631,24255231.36
4632,9703176.67
4633,0
4634,0
4635,0
4636,91530304.65
4637,0
4638,14612471.83
4639,0
4640,54246275.79
4641,0
4642,0
4643,209541293.4
4644,5670709.481
4645,0
4646,682917546.2
4647,0
4648,2307503.993
4649,129027938.7
4650,89293210.29
4651,77752144.61
4652,278101635.2
4653,0
4654,96126075.96
4655,145059087.1
4656,0
4657,13720807.28
4658,38009648.03
4659,0
4660,10913597.91
4661,18181240.31
4662,458877.4285
4663,14304050.3
4664,0
4665,53413764.22
4666,0
4667,122314594
4668,0
4669,8758772.068
4670,48807832.47
4671,0
4672,0
4673,20990599.11
4674,0
4675,23306127.67
4676,0
4677,0
4678,22353037.85
4679,0
4680,0
4681,35450998.74
4682,0
4683,0
4684,51101.46317
4685,61581634.67
4686,12288673.04
4687,15260495.33
4688,216912348.1
4689,5097123.788
4690,11071889.43
4691,33916042.54
4692,9222288.356
4693,2896039.997
4694,4205208.744
4695,42906556.69
4696,15627318.91
4697,144268951.8
4698,0
4699,0
4700,209849214.2
4701,270396557.1
4702,19055490.59
4703,22934665.43
4704,53996948.49
4705,67930025.62
4706,100723289.3
4707,27166358.79
4708,17790606.68
4709,0
4710,388406684.7
4711,27682369.3
4712,0
4713,295748851.2
4714,23865415.27
4715,0
4716,0
4717,30558139.41
4718,21005692.07
4719,135674724.4
4720,16097132.09
4721,19492973.67
4722,81303351.42
4723,0
4724,196379096.5
4725,13883363.66
4726,0
4727,12822034.1
4728,0
4729,139897398.9
4730,0
4731,40837986.83
4732,319957933.7
4733,0
4734,315348718.2
4735,73224935.26
4736,0
4737,64727866.05
4738,0
4739,95990085.16
4740,672272815.3
4741,0
4742,134306843.6
4743,0
4744,0
4745,242679122.1
4746,75217421.16
4747,0
4748,84501016.67
4749,28661060.34
4750,15591174.14
4751,61792423.19
4752,8163860.808
4753,19468125.77
4754,536955427
4755,18313180.32
4756,51945256.18
4757,239635878.9
4758,141977902.7
4759,475232537.4
4760,0
4761,23676005.36
4762,0
4763,0
4764,405904675.6
4765,20232042.69
4766,178410409.1
4767,80028119.86
4768,80789556.03
4769,0
4770,159972127.5
4771,88355608.78
4772,26640513.65
4773,32861103.26
4774,8648912.853
4775,0
4776,0
4777,306275866.3
4778,95105656.38
4779,5404090.785
4780,0
4781,0
4782,90014342.03
4783,22384597.29
4784,23150779.88
4785,37726250.4
4786,102710942.1
4787,107531265.5
4788,74888051.44
4789,11769441.43
4790,83192949.02
4791,24149510.4
4792,4081114.607
4793,29580178
4794,0
4795,19519754.6
4796,0
4797,679895503.8
4798,87267313.81
4799,34575232.56
4800,40797668.67
4801,0
4802,40287071.91
4803,0
4804,4268714.591
4805,0
4806,7208872.507
4807,0
4808,0
4809,120058233.5
4810,0
4811,418417.4541
4812,135343946.6
4813,100420707.2
4814,0
4815,35734972.8
4816,41565177.88
4817,21246244.73
4818,120559477.4
4819,1512788.272
4820,118596762
4821,8586967.007
4822,0
4823,0
4824,48692164.61
4825,70354147.78
4826,8933645.393
4827,96981356.42
4828,50375017.57
4829,59923174.74
4830,42175118.7
4831,45770859.09
4832,0
4833,0
4834,0
4835,16416659
4836,3727761.129
4837,175877239.8
4838,58659685.11
4839,0
4840,381854314.4
4841,0
4842,0
4843,192725144.9
4844,0
4845,29052766.83
4846,0
4847,265327404.6
4848,53522304.39
4849,232082612.4
4850,10975445.58
4851,0
4852,12867163.57
4853,142418248.1
4854,27342345.29
4855,105868510.6
4856,7755018.006
4857,44149820.11
4858,80347149.52
4859,0
4860,522460656.6
4861,181224702.5
4862,110722199.4
4863,188050803
4864,103650096.2
4865,50811257.75
4866,5419912.039
4867,156135027.2
4868,2981165.404
4869,0
4870,9420106.212
4871,28727400.38
4872,0
4873,0
4874,108713356.2
4875,10394523.73
4876,81217050.28
4877,56284415.53
4878,19526430.13
4879,0
4880,28211253.19
4881,0
4882,49519996.09
4883,80570058.38
4884,161065301.1
4885,14904150.12
4886,33963867.8
4887,0
4888,10742490.73
4889,0
4890,101604607
4891,0
4892,16732316.46
4893,78439986.62
4894,7652623.644
4895,5249041.596
4896,27575698.57
4897,0
4898,162525685.2
4899,518460620.8
4900,243233897.7
4901,66411151.38
4902,680512.1718
4903,677013.0624
4904,311423093
4905,31403189.25
4906,0
4907,676996002.6
4908,42670964.36
4909,99255063.6
4910,34141656.53
4911,19767628.44
4912,91264885.96
4913,19611519.02
4914,92324557.98
4915,89699758.57
4916,17893510.95
4917,24100684.11
4918,164573103
4919,49500357.36
4920,54593719.53
4921,113988762.5
4922,11659555.03
4923,1061789.673
4924,102675919.6
4925,191325634.9
4926,0
4927,23154114.17
4928,21768958.2
4929,24009605.06
4930,0
4931,46271039.68
4932,0
4933,109900066.4
4934,0
4935,447682137.5
4936,3860122.074
4937,0
4938,17698768.59
4939,0
4940,3661510.761
4941,103595412.6
4942,0
4943,89061318.41
4944,94997775.09
4945,0
4946,10288300.19
4947,0
4948,0
4949,0
4950,61738878.9
4951,67662237.63
4952,54088413.84
4953,108866135
4954,68519901.88
4955,0
4956,7420353.289
4957,44660038.78
4958,0
4959,40346599.69
4960,0
4961,168082320.2
4962,2776088.066
4963,72802791.68
4964,0
4965,0
4966,14221098.76
4967,85972642.01
4968,67492916.16
4969,0
4970,0
4971,123094158.2
4972,30486503.92
4973,12335763.44
4974,156820626.2
4975,5846936.811
4976,0
4977,85606724.84
4978,0
4979,19666041.1
4980,66184652.19
4981,0
4982,126354039.8
4983,0
4984,55312994.59
4985,296028930.1
4986,0
4987,9021014.459
4988,0
4989,48303143.7
4990,0
4991,20653323.04
4992,250541488.7
4993,0
4994,125715637.9
4995,0
4996,41627386.66
4997,67433534.44
4998,0
4999,97747593.08
5000,243084526.4
5001,255367732.9
5002,176129199.8
5003,40922966.3
5004,36073016.12
5005,40242735.18
5006,462293778.8
5007,46157500.57
5008,386827704.6
5009,35493422.94
5010,6494215.376
5011,20146629.3
5012,176856643.5
5013,25122986.12
5014,49814471.73
5015,26139646.64
5016,121858801.7
5017,0
5018,26710931.65
5019,86945716.17
5020,22299575.49
5021,0
5022,34298794.38
5023,770706.5798
5024,119053098.1
5025,0
5026,194063461
5027,104351315
5028,70125891.9
5029,153859103.7
5030,16873931.46
5031,0
5032,254665844.8
5033,0
5034,36634003.43
5035,0
5036,27542687.27
5037,61300036.45
5038,359496764.8
5039,0
5040,78477625.98
5041,39713965.19
5042,5113510.147
5043,55256458.94
5044,262699393.2
5045,16554997.46
5046,3359938.595
5047,0
5048,0
5049,125344681.2
5050,0
5051,373995330.2
5052,207772799.4
5053,64268800.86
5054,128371383.2
5055,21473921.17
5056,0
5057,12817809.89
5058,36743580.74
5059,31145266.82
5060,149553447.4
5061,68706770.15
5062,0
5063,0
5064,84717378.92
5065,15111451.04
5066,43573382.27
5067,64990181.8
5068,8417966.607
5069,112378135.3
5070,24560879.27
5071,161012454.6
5072,108068871.4
5073,295313.1965
5074,0
5075,22322563.54
5076,53654309.19
5077,195655815.1
5078,665411.6818
5079,8797523.17
5080,126930155.2
5081,130860231.7
5082,36628049.42
5083,16464475.83
5084,43252432.46
5085,0
5086,3900362.698
5087,0
5088,923019.6466
5089,5604561.242
5090,27179838.03
5091,33854115.24
5092,45901002.32
5093,78819331.03
5094,76910060.48
5095,205735987.3
5096,38780986.27
5097,0
5098,0
5099,9926787.454
5100,4300759.542
5101,0
5102,1901221.622
5103,0
5104,88949222.86
5105,4745081.574
5106,853817.6397
5107,0
5108,40862963.28
5109,0
5110,24260565.25
5111,127267009.6
5112,31407679.02
5113,0
5114,0
5115,0
5116,0
5117,231853155.1
5118,101552206
5119,0
5120,0
5121,80895501.03
5122,42530328.48
5123,10362269.63
5124,0
5125,39381433.7
5126,35126625.3
5127,40107240.54
5128,0
5129,0
5130,108459561.9
5131,26034811.32
5132,67986898.35
5133,138414743.7
5134,161775378.3
5135,213787960
5136,0
5137,102045442.3
5138,0
5139,226223272.9
5140,119551207.1
5141,86442895.27
5142,225283708
5143,69272477.35
5144,86393625.9
5145,15497010.09
5146,1360961.169
5147,23426775.43
5148,29648379.78
5149,0
5150,442205528.7
5151,398475014.7
5152,117434182.8
5153,1183862.763
5154,61208619.44
5155,0
5156,392552146.5
5157,27950857.14
5158,0
5159,88878299.81
5160,29779774.33
5161,34154808.28
5162,112129334.7
5163,177597148.6
5164,0
5165,76133423.05
5166,200106460.2
5167,0
5168,7915813.286
5169,3060735.006
5170,7366089.647
5171,214934889.1
5172,1382055.859
5173,148241982.2
5174,159884225.8
5175,10839403.19
5176,0
5177,317460450.2
5178,515460081.1
5179,0
5180,21912286.22
5181,0
5182,84781570.86
5183,0
5184,18563681.65
5185,388891.4398
5186,13030132.17
5187,0
5188,0
5189,34333287.54
5190,340059600.8
5191,28396500.24
5192,122124224.4
5193,152897697.6
5194,59647639.81
5195,198131173.4
5196,62401792.61
5197,30825043.47
5198,82979069.51
5199,19186984.21
5200,0
5201,27436449.96
5202,0
5203,0
5204,0
5205,28041972.01
5206,24769678.4
5207,0
5208,17114783.19
5209,139492343.6
5210,62173423.51
5211,8891248.591
5212,0
5213,65401752.74
5214,0
5215,7671639.745
5216,56605366.2
5217,5986136.603
5218,0
5219,20202512.1
5220,84923861.81
5221,0
5222,2790557.871
5223,63355471.18
5224,0
5225,0
5226,76581752.43
5227,0
5228,42972496.23
5229,190006607.8
5230,4010244.425
5231,11970059.1
5232,0
5233,0
5234,73492716.72
5235,52320474.87
5236,212406374.7
5237,193807114
5238,10605670.38
5239,41732101.93
5240,46581687.7
5241,49302307.74
5242,53330467.64
5243,0
5244,108848745.2
5245,8652615.257
5246,20854448.43
5247,71048094.28
5248,0
5249,68038644.29
5250,283706116
5251,8829362.852
5252,0
5253,8009470.607
5254,0
5255,98178368.25
5256,30696478.51
5257,1952387.284
5258,4201547.29
5259,153729109.2
5260,0
5261,69833645.22
5262,29461565.99
5263,40663824.24
5264,1562778.602
5265,36092469.27
5266,35873861.73
5267,0
5268,0
5269,145730131.3
5270,76452959.47
5271,25495388.91
5272,0
5273,0
5274,96361389.94
5275,7842112.751
5276,12813208.56
5277,0
5278,29633885.02
5279,50197817.64
5280,0
5281,35454520.74
5282,21896837.71
5283,0
5284,3897806.546
5285,75894485.47
5286,9703778.893
5287,4090035.694
5288,0
5289,129199118.3
5290,167002762.9
5291,0
5292,169598240.2
5293,229541872.4
5294,0
5295,421965544.6
5296,0
5297,134295531.9
5298,142453696.5
5299,0
5300,0
5301,0
5302,84413218.48
5303,0
5304,26251936.72
5305,0
5306,69498333.15
5307,259586750.3
5308,0
5309,0
5310,142132060.1
5311,7087527.249
5312,0
5313,353841378.8
5314,96366702.54
5315,0
5316,0
5317,13038852
5318,0
5319,25079159.1
5320,31475848.59
5321,44979189.99
5322,0
5323,137425251.3
5324,30946989.25
5325,7301455.355
5326,20349340.4
5327,135631092.3
5328,24023876.24
5329,0
5330,209709271.4
5331,0
5332,0
5333,79612483.06
5334,0
5335,0
5336,0
5337,0
5338,44083911.37
5339,39097086.87
5340,7496690.815
5341,163292495.7
5342,246568808
5343,39703445.71
5344,156706224.4
5345,0
5346,128432583.4
5347,0
5348,0
5349,0
5350,0
5351,124215810.3
5352,6995414.781
5353,24399746.88
5354,63178991.64
5355,0
5356,11252121.17
5357,0
5358,89460402.34
5359,48662688.23
5360,147288405.4
5361,2055597.957
5362,0
5363,55984723.78
5364,0
5365,0
5366,163712387.1
5367,77144586.59
5368,0
5369,357777967.5
5370,126035475.1
5371,60205564.94
5372,0
5373,39315889.35
5374,104242519
5375,95490053.18
5376,187883302.5
5377,0
5378,0
5379,22216074.86
5380,79500036.48
5381,95259587.07
5382,93686073.9
5383,0
5384,228187085.3
5385,0
5386,26847436.22
5387,0
5388,228941968.8
5389,12095613.26
5390,0
5391,46730655.09
5392,0
5393,431766.3185
5394,56948757.26
5395,20271822
5396,141473158.6
5397,5535742.42
5398,41275546.69
5399,0
5400,4032739.786
5401,109181703.1
5402,75530559.11
5403,30288602.8
5404,0
5405,96934242.23
5406,2412860.21
5407,326353729.1
5408,463430244.1
5409,143947939.6
5410,8952602.282
5411,68227339.88
5412,0
5413,0
5414,113166686.7
5415,102151504.5
5416,35515304.3
5417,104817311.4
5418,0
5419,0
5420,57301356.79
5421,28427909.25
5422,143792093.1
5423,236575569
5424,204642213.7
5425,39466068.81
5426,0
5427,0
5428,1608352.003
5429,80804689.88
5430,189186687.1
5431,56427526.98
5432,93617144.04
5433,21829560.23
5434,71786647.93
5435,13570478.05
5436,36936479.36
5437,67948240.24
5438,13811290.4
5439,0
5440,96679779.3
5441,8148660.103
5442,237535647
5443,154101955.7
5444,68470174.76
5445,76269545.33
5446,129411703
5447,0
5448,0
5449,107358755.2
5450,3113957.777
5451,0
5452,0
5453,260427464.7
5454,147300858.2
5455,39886385.67
5456,36692734.84
5457,88223643.1
5458,6844289.349
5459,9490024.743
5460,0
5461,0
5462,0
5463,545469366.5
5464,924443.999
5465,0
5466,66118933.91
5467,69733757.81
5468,175107452.3
5469,0
5470,382045815.3
5471,139868738.6
5472,100324339.4
5473,0
5474,51141260.94
5475,96466250.4
5476,37006096.92
5477,0
5478,32982965.44
5479,122874823.9
5480,19077708.46
5481,6745477.93
5482,37232481.13
5483,23648257.39
5484,135289772.9
5485,3444910.971
5486,15225906.24
5487,318033023.9
5488,85057319.01
5489,92316274.07
5490,1087565.272
5491,72592822.21
5492,42174693.31
5493,0
5494,0
5495,62161444.62
5496,21404418.03
5497,35405830.88
5498,0
5499,114988679.8
5500,24517463.08
5501,3550646.93
5502,8462712.565
5503,59817266.28
5504,29094398.6
5505,0
5506,194341602.6
5507,46336165.37
5508,167934056.3
5509,170455682.6
5510,372827.6651
5511,0
5512,136453735.7
5513,0
5514,56079268.75
5515,22756091.51
5516,0
5517,381078947.7
5518,30536338.24
5519,177362683.5
5520,0
5521,33431392.21
5522,0
5523,362482657.3
5524,306050164.9
5525,46130816.36
5526,20501232.26
5527,0
5528,99280029.22
5529,0
5530,336019869.1
5531,0
5532,13796234.54
5533,0
5534,382456460.4
5535,0
5536,0
5537,23076812.22
5538,19780245.83
5539,253049425.5
5540,51727946.12
5541,202725394.9
5542,0
5543,14562467.12
5544,43706143.94
5545,0
5546,10900766.35
5547,17177990.53
5548,0
5549,78431710.99
5550,97597858.38
5551,16005540.93
5552,90637517.96
5553,77699245.84
5554,0
5555,0
5556,23404079.56
5557,7122359.093
5558,383730148.8
5559,0
5560,0
5561,28011732.74
5562,74694996.62
5563,0
5564,0
5565,24396243.59
5566,37918411.83
5567,0
5568,46249279.19
5569,92272472.57
5570,37735553.87
5571,141413269.8
5572,0
5573,222067402.5
5574,11245160.16
5575,183480359.4
5576,70562684.39
5577,68638140.64
5578,6338985.575
5579,0
5580,0
5581,52058731.27
5582,33968416.2
5583,66257955.94
5584,41630240.7
5585,0
5586,0
5587,0
5588,153262809.1
5589,160592783.5
5590,0
5591,32293267.36
5592,15069859.08
5593,32517355.82
5594,19820751.5
5595,30660055.62
5596,260616043.6
5597,2863026.774
5598,0
5599,5370008.608
5600,5112806.881
5601,50944734.56
5602,118351757.7
5603,0
5604,7706480.931
5605,239708671.6
5606,143849582.7
5607,61074572.27
5608,118450828.9
5609,0
5610,46847093.08
5611,85608738.66
5612,525289926.7
5613,24606929.98
5614,24724569.48
5615,77677162.66
5616,15977629
5617,387333556
5618,47293584.59
5619,78828537.1
5620,11775209.63
5621,0
5622,0
5623,48200381.7
5624,530189622.7
5625,0
5626,4680403.695
5627,102710036.3
5628,69598640.26
5629,284924641.5
5630,20538109.05
5631,89708480.98
5632,76204913.65
5633,35603647.51
5634,22374993.65
5635,105861682.7
5636,0
5637,1836845.824
5638,114825560.7
5639,10536999.65
5640,0
5641,91308244.77
5642,26399186.09
5643,0
5644,422975572.1
5645,0
5646,0
5647,0
5648,120094807.9
5649,0
5650,174554258.6
5651,67377942.82
5652,0
5653,116562308.5
5654,0
5655,79561860.78
5656,435291468.3
5657,0
5658,10677241.02
5659,25329118.93
5660,137345838
5661,0
5662,233863948.2
5663,13312935.01
5664,12243191.66
5665,102286374.8
5666,62681202.12
5667,34082406.41
5668,0
5669,8898650.544
5670,482908508.5
5671,40768551.05
5672,0
5673,99433096.43
5674,18024288.5
5675,0
5676,0
5677,91098528.65
5678,136513281.7
5679,0
5680,27236423.91
5681,0
5682,0
5683,316965161.5
5684,101253121.3
5685,24371508.98
5686,0
5687,0
5688,20512863.32
5689,32420342.56
5690,0
5691,80148742.65
5692,0
5693,37301780.44
5694,82375631.77
5695,2831351.581
5696,71096540.96
5697,0
5698,20364934.53
5699,0
5700,84461094.03
5701,0
5702,0
5703,75835119.63
5704,0
5705,46459313.24
5706,0
5707,89830713.65
5708,0
5709,38690321.42
5710,0
5711,55650532.09
5712,189444313.3
5713,14543730.6
5714,6244998.751
5715,0
5716,0
5717,40039846.86
5718,0
5719,57596951.58
5720,29118489.66
5721,117535328.8
5722,0
5723,104632668.5
5724,0
5725,0
5726,102942937.5
5727,267228853.2
5728,9979957.833
5729,272275285.9
5730,0
5731,0
5732,0
5733,11791449.86
5734,47412069.76
5735,0
5736,87262674.31
5737,115373507.2
5738,122704738.9
5739,10957081.59
5740,35338391.44
5741,199719903.1
5742,65509761.11
5743,42108259.87
5744,0
5745,10978644.69
5746,0
5747,0
5748,144539969.9
5749,55724672.97
5750,71349367.48
5751,0
5752,15685485.47
5753,346332563.6
5754,64479045.48
5755,156828494.1
5756,56574241.56
5757,0
5758,0
5759,16681503.3
5760,0
5761,0
5762,264475941.1
5763,132475772.9
5764,0
5765,49960425.5
5766,0
5767,0
5768,30467452.13
5769,200455219.1
5770,41870561.38
5771,36790046.95
5772,50655286.41
5773,370768731.9
5774,120907171.7
5775,43488607.57
5776,18813835.61
5777,203018935.2
5778,156076569.4
5779,349498263.4
5780,0
5781,111805065.6
5782,44907340.91
5783,74439304.07
5784,0
5785,102708889.6
5786,36841089.29
5787,217846875.3
5788,0
5789,50055071.14
5790,134950217.2
5791,91227677.07
5792,21282121.53
5793,7298706.402
5794,88392733.11
5795,132592303.7
5796,13597486.58
5797,0
5798,0
5799,265721311.6
5800,0
5801,28549032.54
5802,0
5803,0
5804,405965683.2
5805,21813246.54
5806,17613334.92
5807,0
5808,75666782.4
5809,62161831.05
5810,0
5811,0
5812,89307460.96
5813,110320433.7
5814,1301813.289
5815,338999.0388
5816,398595.4321
5817,0
5818,4025394.856
5819,0
5820,15021890.07
5821,0
5822,0
5823,69227115.99
5824,76598836.31
5825,5883310.582
5826,20703388.44
5827,0
5828,357552147
5829,97996416.74
5830,35011502.48
5831,79370009.55
5832,42812754.42
5833,0
5834,36531508.55
5835,0
5836,109985198.1
5837,54211714.02
5838,0
5839,100753187.6
5840,0
5841,98700083.67
5842,69628598.48
5843,44742.68624
5844,3879803.647
5845,0
5846,3228670.159
5847,144226763.1
5848,80439151.71
5849,0
5850,45379246.21
5851,14554301.99
5852,0
5853,76990316.93
5854,30094132.49
5855,166295577.2
5856,0
5857,438089737.9
5858,0
5859,84872084.48
5860,132605026.7
5861,0
5862,11458791.45
5863,151278462.4
5864,354956468.3
5865,0
5866,0
5867,0
5868,62843295.5
5869,12293031.84
5870,0
5871,96397354.05
5872,210669920.5
5873,13231329.22
5874,2843753.712
5875,81831352.06
5876,70601608.65
5877,0
5878,154103568.9
5879,15059002.19
5880,99001424.5
5881,108651749.2
5882,287257371.3
5883,4917350.262
5884,54127149.9
5885,4453100.212
5886,28874331.56
5887,4595695.015
5888,5502916.351
5889,0
5890,49701973.29
5891,124011089.8
5892,8027211.039
5893,0
5894,0
5895,25862055.41
5896,159345988
5897,0
5898,61554365.71
5899,0
5900,7631830.031
5901,0
5902,1313354.51
5903,78358077.74
5904,97615100.48
5905,151173563.6
5906,100155418.5
5907,0
5908,84945233.66
5909,0
5910,0
5911,6997651.636
5912,384179050
5913,76352365.19
5914,10994050.33
5915,10070194.91
5916,74633111.75
5917,263688858.9
5918,112442176.7
5919,69505316.43
5920,0
5921,0
5922,9414176.781
5923,13070445.26
5924,31316293.51
5925,410537464.8
5926,0
5927,0
5928,126269946.6
5929,0
5930,74831616.94
5931,61851213.15
5932,0
5933,25381683.02
5934,118831280.1
5935,200974622.3
5936,110742272.7
5937,0
5938,0
5939,19566469.88
5940,137916616.2
5941,19135917.8
5942,100540706.6
5943,4627761.035
5944,45185215.04
5945,12930553.84
5946,0
5947,0
5948,140153120.6
5949,5437038.168
5950,288409231
5951,72078127.76
5952,4610421.589
5953,124388807.7
5954,30097923.47
5955,97380955.87
5956,109201893.4
5957,34746855.11
5958,152865794.5
5959,41064682.71
5960,0
5961,0
5962,0
5963,59379206.19
5964,91793583.9
5965,82225623.2
5966,38916235.34
5967,314921497.9
5968,178533832.6
5969,67838325.04
5970,0
5971,0
5972,0
5973,95752111.91
5974,0
5975,26194849.99
5976,0
5977,0
5978,958190069
5979,10259124.49
5980,266533708.1
5981,5352709.417
5982,213582918.1
5983,0
5984,53659697.23
5985,137460747.4
5986,0
5987,34921517.94
5988,67637983.73
5989,0
5990,172096480.6
5991,2212289.485
5992,71416657.5
5993,78545714.01
5994,0
5995,52192993.9
5996,35674009.94
5997,48450889.42
5998,223429518.9
5999,0
6000,4313225.206
6001,0
6002,0
6003,394849802.1
6004,32554565.11
6005,0
6006,23486635.37
6007,0
6008,0
6009,113977140.5
6010,104528385.8
6011,49616686.05
6012,28179089.18
6013,413507266.3
6014,2010069.168
6015,21999620.5
6016,62064265.31
6017,0
6018,37508746.96
6019,0
6020,0
6021,10838182.97
6022,0
6023,64624070.76
6024,0
6025,0
6026,190849173.1
6027,13214521.7
6028,208439065.3
6029,0
6030,327025123.7
6031,66333261.73
6032,0
6033,35242628.26
6034,0
6035,516492980.6
6036,0
6037,0
6038,0
6039,0
6040,76288846.01
6041,288416458.8
6042,0
6043,171264462.5
6044,0
6045,58830741.59
6046,0
6047,19372558.07
6048,9753442.545
6049,10652769.42
6050,0
6051,0
6052,106784118.5
6053,0
6054,0
6055,0
6056,48655278.28
6057,0
6058,35925759.66
6059,183613012.5
6060,72228982.48
6061,0
6062,5285957.748
6063,157092445.3
6064,0
6065,99909968.62
6066,72098325.59
6067,19228683.03
6068,0
6069,221718742.9
6070,163462881.9
6071,0
6072,30950394.1
6073,14392049.56
6074,0
6075,0
6076,82826334.35
6077,8368099.142
6078,89345735.06
6079,369975852.9
6080,0
6081,0
6082,0
6083,133264303.8
6084,34252642.34
6085,52854739.16
6086,19776612.14
6087,51733529.86
6088,8321015.141
6089,9713888.835
6090,375010433.3
6091,0
6092,0
6093,14926660.05
6094,162860887.8
6095,88256739.01
6096,10244006.77
6097,34344506.21
6098,0
6099,43633889.02
6100,50736405.81
6101,223756487.5
6102,95660651.68
6103,114669664.2
6104,0
6105,0
6106,0
6107,0
6108,80289318.81
6109,36194471.6
6110,101152949.7
6111,0
6112,0
6113,45337639.57
6114,106738908.6
6115,188665098.8
6116,0
6117,4420273.523
6118,83147273.81
6119,160687451.9
6120,0
6121,0
6122,198904390.8
6123,0
6124,0
6125,0
6126,0
6127,0
6128,401920224.4
6129,0
6130,0
6131,0
6132,0
6133,0
6134,76496931.3
6135,54125975.5
6136,367475088.6
6137,112120724.1
6138,0
6139,699065176.1
6140,0
6141,35797777.08
6142,0
6143,0
6144,21945549.64
6145,24806072.39
6146,0
6147,100600884.9
6148,30531358.04
6149,132843646.9
6150,420714997.6
6151,0
6152,1073899862
6153,0
6154,0
6155,153341460.8
6156,0
6157,23237638.25
6158,143964967.5
6159,20655475.56
6160,38089762.28
6161,53121232.72
6162,12154344.86
6163,310532.3587
6164,14217708.18
6165,0
6166,58740660.76
6167,6432304.475
6168,30314184.96
6169,75570806.02
6170,0
6171,31567635.38
6172,2625429.464
6173,22951164.25
6174,75343905.08
6175,0
6176,28068747.77
6177,97579700.25
6178,0
6179,219471894.5
6180,66716966.91
6181,7808082.941
6182,252981120.6
6183,22552900.68
6184,489672272
6185,12293918.36
6186,0
6187,1291730.648
6188,62927712.31
6189,10160573.62
6190,117647901.1
6191,3495249.159
6192,91296159.41
6193,14258353.29
6194,0
6195,0
6196,67767092.63
6197,0
6198,143027065.4
6199,409518861.7
6200,0
6201,0
6202,162565157.7
6203,413542264.7
6204,1318456.114
6205,0
6206,94517411.78
6207,82314349.16
6208,51942807.73
6209,0
6210,0
6211,93902589.92
6212,0
6213,0
6214,4553136.278
6215,28352389.23
6216,46848474.98
6217,0
6218,2323325.857
6219,58214936.66
6220,0
6221,8171805.649
6222,259459.0257
6223,52828823.59
6224,0
6225,91817048.88
6226,0
6227,6594071.579
6228,0
6229,0
6230,0
6231,0
6232,0
6233,221513756.1
6234,52313138.41
6235,55384903.27
6236,0
6237,0
6238,2993852.889
6239,169062799.9
6240,164554061.7
6241,0
6242,0
6243,23144938.94
6244,115135112.7
6245,8572671.534
6246,2879958.958
6247,540435301
6248,0
6249,9636825.302
6250,83530109.66
6251,114468516.3
6252,53025004.77
6253,0
6254,221430693
6255,5988800.807
6256,30111023.06
6257,148848352.1
6258,0
6259,0
6260,0
6261,147882644.2
6262,30910814.91
6263,48484276.4
6264,9145168.133
6265,0
6266,708491.1701
6267,115206837.2
6268,0
6269,162782741.7
6270,160875415.3
6271,214089253.8
6272,2438337.759
6273,0
6274,263981118
6275,47525351.48
6276,25062270.18
6277,23557080.03
6278,10796058.99
6279,35660326.49
6280,8723128.887
6281,9769316.457
6282,236230811.5
6283,63012044.98
6284,174746048
6285,62640870.54
6286,0
6287,23583756.33
6288,267011107.8
6289,185142798.8
6290,0
6291,81285552.91
6292,270291653.5
6293,238686279.1
6294,2654442.001
6295,389146690.4
6296,2457654.394
6297,62576978.51
6298,0
6299,0
6300,85029401.23
6301,44387571.02
6302,513538.7743
6303,9057467.265
6304,0
6305,187737864.7
6306,55510586.79
6307,0
6308,0
6309,0
6310,61707584.41
6311,0
6312,0
6313,68580968.23
6314,64793161.65
6315,3960424.368
6316,46343431.19
6317,214826445.1
6318,74329357.31
6319,60016152.93
6320,0
6321,217075904.4
6322,33278855.15
6323,37127209.14
6324,0
6325,0
6326,13770236.36
6327,25030137.76
6328,0
6329,0
6330,0
6331,123159852.9
6332,0
6333,22983204.12
6334,0
6335,76912833.53
6336,48398799.61
6337,84020419.48
6338,0
6339,33836265.34
6340,0
6341,0
6342,6424623.228
6343,56668913.9
6344,0
6345,0
6346,178090248
6347,111030399.2
6348,16040272.27
6349,48928562.66
6350,0
6351,199031148
6352,0
6353,0
6354,0
6355,0
6356,9918693.988
6357,5272791.425
6358,0
6359,3513347.431
6360,0
6361,179946603.9
6362,0
6363,14491274.25
6364,0
6365,184582628.4
6366,6374376.895
6367,9060180.47
6368,43228539.06
6369,18771729.81
6370,226549266.5
6371,12345978.2
6372,60398969.98
6373,6099332.294
6374,0
6375,0
6376,0
6377,0
6378,0
6379,223593396
6380,0
6381,1609320936
6382,85850756.16
6383,52171137.86
6384,106573615.6
6385,0
6386,378849725.4
6387,19742784.25
6388,0
6389,0
6390,54570181.13
6391,0
6392,63785039.26
6393,210676388.5
6394,225784878.2
6395,0
6396,1805835.95
6397,0
6398,19122732.7
6399,0
6400,15749267.6
6401,0
6402,12967192.62
6403,0
6404,37149761.26
6405,0
6406,0
6407,26185386.56
6408,0
6409,100925786.3
6410,21302880.62
6411,0
6412,1356047.184
6413,75343482.34
6414,342733424.1
6415,0
6416,1628448.755
6417,147997516.3
6418,82827191.48
6419,39041708.47
6420,59130420.95
6421,51961947.18
6422,0
6423,0
6424,69501284.96
6425,48437604.44
6426,22233643.35
6427,0
6428,0
6429,48009686.89
6430,99769230.54
6431,188087593.7
6432,157398412.7
6433,0
6434,26208480.27
6435,56140723.17
6436,80417658.95
6437,0
6438,40028667.33
6439,0
6440,82021740.37
6441,13417775.76
6442,0
6443,9720539.563
6444,0
6445,389885765.5
6446,0
6447,16616308.25
6448,0
6449,25198755.73
6450,0
6451,7145407.459
6452,99353487.46
6453,95571299.37
6454,45185218.92
6455,44919014.96
6456,4300956.451
6457,161595051.1
6458,0
6459,0
6460,154943611
6461,106787973.5
6462,201402739.5
6463,0
6464,4903187.589
6465,13153411.32
6466,21362211.36
6467,8647848.891
6468,0
6469,24596301.68
6470,0
6471,0
6472,8660834.76
6473,30368457.75
6474,0
6475,0
6476,305615856
6477,81230966.36
6478,20303580.36
6479,313688863.3
6480,72279331.85
6481,125888765.4
6482,0
6483,0
6484,221203744
6485,103419041.8
6486,0
6487,111428274
6488,63393210.12
6489,0
6490,0
6491,0
6492,0
6493,35217525.78
6494,194698736.8
6495,5769063.619
6496,305832736.7
6497,229466199.3
6498,93493514.74
6499,23426814.55
6500,2189286.54
6501,0
6502,132500277.3
6503,32620398.01
6504,17471995.37
6505,37211406.69
6506,0
6507,0
6508,113434207.7
6509,0
6510,391727.9666
6511,12497066.31
6512,2269699.065
6513,25879598
6514,3699712.044
6515,266540124
6516,42627894.16
6517,573958.2367
6518,10705093.47
6519,58894805.6
6520,0
6521,371225142.1
6522,56539315.78
6523,45307794.57
6524,53737326.62
6525,72431662.83
6526,336268691
6527,0
6528,22523000.96
6529,9114613.138
6530,157790352.4
6531,0
6532,11245834.79
6533,0
6534,517756538.5
6535,5548665.227
6536,45765784.18
6537,130990091.5
6538,69771036.29
6539,274066345.9
6540,119762165.8
6541,0
6542,39377691.44
6543,0
6544,0
6545,54107888.66
6546,259262632.7
6547,0
6548,63018546.23
6549,98244495.19
6550,28637555.1
6551,133837907
6552,58179015.96
6553,0
6554,52907774.11
6555,0
6556,69280733.15
6557,0
6558,108203524.9
6559,0
6560,224337916.8
6561,0
6562,113580536.9
6563,10858203.55
6564,29229513.66
6565,23044220.21
6566,47033255.42
6567,8332303.734
6568,32763057.48
6569,0
6570,106689085.3
6571,24702974.65
6572,0
6573,16001729.16
6574,45312596.6
6575,0
6576,0
6577,2444466.483
6578,0
6579,2801583.887
6580,0
6581,60817956.03
6582,0
6583,0
6584,6279785.985
6585,83035819.69
6586,74438032.25
6587,19727874.05
6588,0
6589,72365944.68
6590,210730402.2
6591,29860911.9
6592,200119807.4
6593,104909928.2
6594,75895398.45
6595,0
6596,195298447.2
6597,0
6598,27010775.28
6599,23129872.32
6600,16488746.84
6601,0
6602,382108017.4
6603,79186268.07
6604,31908493.72
6605,177850200.9
6606,0
6607,110151375.3
6608,0
6609,0
6610,0
6611,0
6612,315601603.3
6613,86207940.22
6614,381568627.3
6615,0
6616,160530255.1
6617,79214556.18
6618,60562215.27
6619,0
6620,4702322.463
6621,28413117.88
6622,154777269.2
6623,192005777.7
6624,197601087.3
6625,118246965.5
6626,17608913.14
6627,0
6628,0
6629,0
6630,1411414.789
6631,1167480.751
6632,790627.0201
6633,9410179.748
6634,35172292.05
6635,0
6636,170205597.7
6637,89052585.35
6638,0
6639,30221127.2
6640,0
6641,250676383.1
6642,204881364.5
6643,0
6644,0
6645,82737284.13
6646,43373511.4
6647,0
6648,86441732.7
6649,0
6650,10914332.23
6651,61838450.84
6652,0
6653,52207279.44
6654,176746055.4
6655,34610883.93
6656,6929071.389
6657,88440026.69
6658,0
6659,3080662.871
6660,0
6661,0
6662,32794771.85
6663,446954832.8
6664,0
6665,0
6666,15394365.67
6667,127034457
6668,32544488.17
6669,11088064.99
6670,0
6671,37793542.45
6672,13395853.61
6673,95843227.18
6674,214767696.5
6675,120699686.9
6676,3361038.853
6677,0
6678,0
6679,399836595.7
6680,41248026.13
6681,611070751.3
6682,30414542.25
6683,33217460.86
6684,0
6685,0
6686,14411484.72
6687,97942935.94
6688,66689735.55
6689,41387011.77
6690,182228087.8
6691,0
6692,662331820.1
6693,64415098.12
6694,91809875.36
6695,26167174.42
6696,150432289.3
6697,0
6698,53655136.7
6699,374719323.7
6700,232303086.3
6701,74528456.03
6702,49191526.3
6703,17551908.89
6704,0
6705,48146034.66
6706,44938344.08
6707,38372582.88
6708,7758480.294
6709,0
6710,112443315.9
6711,16849190.72
6712,131219501.3
6713,3226414.513
6714,0
6715,757188.6289
6716,89339525.84
6717,346480684.7
6718,14520466.38
6719,21542677.8
6720,0
6721,142660957.8
6722,2873856.281
6723,152246426.3
6724,17466472.71
6725,0
6726,99540667.76
6727,11740897.8
6728,0
6729,0
6730,38458692.98
6731,0
6732,0
6733,48738905.5
6734,8886848.413
6735,147391653
6736,0
6737,0
6738,0
6739,10577957.48
6740,0
6741,0
6742,127582764.1
6743,83416833.75
6744,13875730.57
6745,7864014.5
6746,88821992.16
6747,6805573.671
6748,0
6749,0
6750,0
6751,37120449.06
6752,165943863.9
6753,0
6754,85829039.51
6755,2039679.641
6756,207152071.2
6757,51625366.49
6758,0
6759,132134347.2
6760,0
6761,12757982.53
6762,0
6763,39124671.47
6764,0
6765,313755425
6766,0
6767,36045178.6
6768,181538880.8
6769,21951332.58
6770,17500444.66
6771,0
6772,12346261.14
6773,12243764.79
6774,205762545.7
6775,350244653.6
6776,0
6777,33477972.64
6778,86731295.96
6779,24026083.66
6780,73106659.57
6781,0
6782,137413666.3
6783,47426424.15
6784,0
6785,79543232
6786,0
6787,15396682.27
6788,0
6789,0
6790,19650130.88
6791,55831293.05
6792,356249294.5
6793,89543097.38
6794,10292191.98
6795,0
6796,528608493.5
6797,17426802.32
6798,41682233.55
6799,3691257.628
6800,0
6801,0
6802,20254934.36
6803,206039951.3
6804,0
6805,53555767.13
6806,15520704.21
6807,78358631.51
6808,0
6809,0
6810,13697334.45
6811,67138039.57
6812,16264859
6813,147001116.1
6814,0
6815,0
6816,0
6817,0
6818,0
6819,55466104.58
6820,64365972.21
6821,23887694.87
6822,0
6823,33250678.27
6824,195988987.5
6825,100486709
6826,0
6827,0
6828,0
6829,0
6830,10474335.92
6831,56179827.9
6832,0
6833,22842413.12
6834,1653895.965
6835,136469707.4
6836,0
6837,164118923
6838,0
6839,0
6840,36023429.99
6841,19844492.62
6842,11885327.28
6843,5638627.759
6844,126277446
6845,10767345.11
6846,55640587.19
6847,2249041.357
6848,0
6849,0
6850,96989051.74
6851,115277488.1
6852,3410534.859
6853,11519855.19
6854,34556528.54
6855,48094072.73
6856,0
6857,0
6858,0
6859,77925539.46
6860,29858762.87
6861,75223853.27
6862,0
6863,254525547.3
6864,0
6865,5944390.459
6866,140786842.7
6867,29052512.25
6868,698206837.1
6869,39426993.68
6870,0
6871,57236863.91
6872,0
6873,14180425.85
6874,45923126.9
6875,5104987.694
6876,63014662.98
6877,0
6878,0
6879,12062346.61
6880,0
6881,0
6882,189453735.1
6883,63279711.43
6884,24142669.31
6885,15414785.56
6886,0
6887,25622041.7
6888,72324459.14
6889,11564985.62
6890,12098041.52
6891,75852738.33
6892,185447577.9
6893,228164166.1
6894,0
6895,16616.42389
6896,0
6897,0
6898,0
6899,0
6900,94799089.79
6901,71622623.8
6902,0
6903,0
6904,94118095.65
6905,59245323.02
6906,262010642.5
6907,21619856.79
6908,7912892.717
6909,0
6910,0
6911,1322481.619
6912,22795230.26
6913,546369966.9
6914,176405872.4
6915,20394620.63
6916,32533778.81
6917,509579806.4
6918,98062436.85
6919,0
6920,129439093.1
6921,333176987.3
6922,0
6923,0
6924,0
6925,23335976.62
6926,14269315.77
6927,0
6928,64906598.07
6929,94278107.23
6930,237619199.3
6931,25613099.9
6932,6829060.217
6933,4450761.743
6934,157887766.5
6935,0
6936,39941161.54
6937,245054899.3
6938,0
6939,0
6940,111215424.8
6941,85456976.92
6942,16876103.6
6943,0
6944,198156166.2
6945,0
6946,90168350.97
6947,0
6948,30575294.84
6949,73560689.14
6950,404937943
6951,0
6952,24888992.1
6953,20331720.49
6954,29003132.92
6955,69655296.25
6956,0
6957,0
6958,0
6959,0
6960,43561436.09
6961,0
6962,170991451.1
6963,30260832.36
6964,35197323.44
6965,0
6966,0
6967,220094360.1
6968,12646294.17
6969,0
6970,19424000.76
6971,131881008.6
6972,0
6973,71174720.92
6974,56497162
6975,13413538.91
6976,23133368.17
6977,0
6978,0
6979,63310678.51
6980,61844387.02
6981,0
6982,120226598.5
6983,0
6984,163960925.6
6985,325217941.6
6986,57296116.8
6987,0
6988,8543080.207
6989,15858738.89
6990,368314979.9
6991,0
6992,0
6993,0
6994,0
6995,75249819.98
6996,107648517.6
6997,0
6998,8105780.424
6999,159055529.1
7000,0
7001,2380480.089
7002,0
7003,0
7004,82377309.86
7005,0
7006,0
7007,0
7008,0
7009,13968013.37
7010,46903966.39
7011,0
7012,0
7013,7298224.911
7014,0
7015,223174084.3
7016,337770029.4
7017,0
7018,0
7019,146141753.6
7020,130073293.8
7021,0
7022,0
7023,0
7024,3351413.234
7025,0
7026,267438184.7
7027,166015055.8
7028,0
7029,41523094.84
7030,77107796.02
7031,89373670.85
7032,34230092.68
7033,877660.3022
7034,31011521.48
7035,0
7036,0
7037,7963225.009
7038,31354107.75
7039,102351979
7040,28099430.28
7041,54542911.56
7042,91633239.37
7043,0
7044,0
7045,36477916.26
7046,80288322.1
7047,0
7048,14072434.8
7049,66362851.72
7050,0
7051,0
7052,91640689.7
7053,15615474.62
7054,58061249.73
7055,0
7056,313529493.2
7057,7806648.166
7058,0
7059,0
7060,20186271.28
7061,21858962.64
7062,0
7063,0
7064,136058853.9
7065,45701842.85
7066,1102218.983
7067,0
7068,52913844.47
7069,0
7070,216118208.8
7071,220200602.4
7072,0
7073,0
7074,10943536.06
7075,95085893.39
7076,156329518.2
7077,25828389.88
7078,81410479.13
7079,0
7080,0
7081,0
7082,1190364.62
7083,0
7084,40008033.4
7085,23042975.63
7086,0
7087,238021766.9
7088,123215209.9
7089,0
7090,0
7091,3007953.492
7092,193559978.1
7093,63991985.42
7094,58430340.01
7095,11400621.34
7096,33147728.39
7097,119180770.3
7098,36435228.7
7099,90837533.65
7100,24820715.36
7101,43989477.15
7102,0
7103,0
7104,59517557.63
7105,75925992.92
7106,34996893.88
7107,79693208.19
7108,0
7109,49950171.4
7110,0
7111,1410984.401
7112,100678593.8
7113,148577682.9
7114,0
7115,8596552.245
7116,5953404.829
7117,0
7118,23879715.13
7119,15317979.05
7120,0
7121,70753874.01
7122,0
7123,0
7124,0
7125,132194841.4
7126,259677804.5
7127,122177392.6
7128,16672663.05
7129,0
7130,10516875.61
7131,21002517.44
7132,23948569.26
7133,209053613.5
7134,64730823.11
7135,160471037.1
7136,56062967.6
7137,49029654.93
7138,0
7139,0
7140,266210443.5
7141,0
7142,67037570
7143,76696524.06
7144,0
7145,77034778.73
7146,4300335.298
7147,68062502.18
7148,34412650.94
7149,5101962.605
7150,2796161.649
7151,23164784.69
7152,81746370.17
7153,4712556.854
7154,52726417.29
7155,259250491.9
7156,42966113.82
7157,98993983.28
7158,0
7159,0
7160,0
7161,87358974.14
7162,312883953.5
7163,22713375.81
7164,0
7165,0
7166,26407139.54
7167,0
7168,0
7169,0
7170,19623367.1
7171,28271283.42
7172,0
7173,0
7174,8847231.616
7175,0
7176,30970338.99
7177,148996629.7
7178,73799385.61
7179,150303606.4
7180,0
7181,4191786.553
7182,121491068.3
7183,0
7184,740239315.3
7185,9475647.691
7186,45972495.86
7187,75445239
7188,68037779.41
7189,22899125.5
7190,2673680.696
7191,0
7192,26631176.41
7193,5815860.921
7194,195228186.6
7195,47669893.04
7196,0
7197,18899504.03
7198,18579427.49
7199,7962129.877
7200,147541637.9
7201,0
7202,40765540.96
7203,0
7204,67485444.92
7205,311645003.6
7206,110747406.6
7207,352980706
7208,47377085.6
7209,16644203.98
7210,0
7211,0
7212,9203753.22
7213,33705499.56
7214,218924052.4
7215,120169059.3
7216,204985854.2
7217,0
7218,45397122.29
7219,13976097
7220,0
7221,29773004.97
7222,47396442.12
7223,327351.6666
7224,0
7225,0
7226,47086730.56
7227,0
7228,44786135.09
7229,0
7230,0
7231,25099239.65
7232,337224792.9
7233,138539598.4
7234,246658495.6
7235,54663272
7236,125114045.7
7237,0
7238,882477.6819
7239,549376725.7
7240,76546567.23
7241,163935000.7
7242,34409656.77
7243,25631925.4
7244,35346264.11
7245,0
7246,0
7247,52947627.17
7248,104606655.5
7249,0
7250,0
7251,54845248.7
7252,19789438.88
7253,11979809.82
7254,0
7255,0
7256,9873859.743
7257,23564946.34
7258,68429208.41
7259,17856435.65
7260,0
7261,414009673
7262,0
7263,87193563.96
7264,0
7265,22399279.17
7266,0
7267,0
7268,0
7269,138977697.5
7270,307085208.7
7271,0
7272,28500689.91
7273,0
7274,0
7275,33040171.22
7276,0
7277,142592222
7278,257510207.1
7279,163925761.5
7280,119617691
7281,43019731.7
7282,155092849.4
7283,190077369.6
7284,0
7285,94738304.67
7286,108281201.7
7287,23324541.51
7288,5949780.799
7289,158433324.1
7290,0
7291,27588716.18
7292,0
7293,0
7294,0
7295,86826696.55
7296,0
7297,28663063.13
7298,22637075.4
7299,0
7300,7017796.447
7301,46444127.89
7302,0
7303,0
7304,15274068.79
7305,0
7306,420722791.5
7307,0
7308,0
7309,33345031.41
7310,17182703.98
7311,14823622.59
7312,184948743.1
7313,232995392
7314,0
7315,15584019.56
7316,13362750.17
7317,19505571.58
7318,168215206.3
7319,8510945.203
7320,156006621.8
7321,0
7322,0
7323,50703764.28
7324,15996424.64
7325,0
7326,256986741.5
7327,1711594.847
7328,0
7329,128002061.9
7330,273534145.8
7331,125639970.6
7332,0
7333,122568085.7
7334,16787422.78
7335,57638145.84
7336,46522987.23
7337,4901829.797
7338,79504843.7
7339,89946608.79
7340,10125390.67
7341,0
7342,136441189
7343,11103393.26
7344,0
7345,0
7346,21451689.74
7347,3292396.928
7348,0
7349,159680846.1
7350,33121910.82
7351,57145739.2
7352,0
7353,0
7354,0
7355,68267742.55
7356,74506486.67
7357,13758219.36
7358,11746522.16
7359,110834573.9
7360,60446848.47
7361,0
7362,174698600.6
7363,545483949.7
7364,0
7365,75846856.62
7366,68227704.39
7367,0
7368,18252518.83
7369,0
7370,99148052.91
7371,0
7372,152512490
7373,450722011.7
7374,20203767.28
7375,73592986.29
7376,0
7377,32176691.76
7378,77657028.1
7379,117720652.5
7380,11195397.46
7381,0
7382,28209809.04
7383,0
7384,44942901.94
7385,61050118.92
7386,34442589.96
7387,0
7388,3779095.068
7389,0
7390,0
7391,2003355.527
7392,29545225.72
7393,454758496.5
7394,119751202
7395,48122975.69
7396,56600468.75
7397,42343246.38
7398,624675.8069
